{
  "id": "1496800",
  "name": "数字园区",
  "font_family": "iconfont",
  "css_prefix_text": "icon",
  "description": "",
  "glyphs": [
    {
      "icon_id": "162780",
      "name": "加",
      "font_class": "jia",
      "unicode": "e649",
      "unicode_decimal": 58953
    },
    {
      "icon_id": "167207",
      "name": "人员定位",
      "font_class": "renyuandingwei",
      "unicode": "e675",
      "unicode_decimal": 58997
    },
    {
      "icon_id": "451786",
      "name": "电",
      "font_class": "33",
      "unicode": "e644",
      "unicode_decimal": 58948
    },
    {
      "icon_id": "742126",
      "name": "角色管理",
      "font_class": "jiaoseguanli",
      "unicode": "ea62",
      "unicode_decimal": 60002
    },
    {
      "icon_id": "818044",
      "name": "加号",
      "font_class": "untitled44",
      "unicode": "e645",
      "unicode_decimal": 58949
    },
    {
      "icon_id": "954224",
      "name": "密码",
      "font_class": "mima1",
      "unicode": "e69f",
      "unicode_decimal": 59039
    },
    {
      "icon_id": "982529",
      "name": "水",
      "font_class": "shujuguanlisvg79",
      "unicode": "e756",
      "unicode_decimal": 59222
    },
    {
      "icon_id": "1032144",
      "name": "zuo",
      "font_class": "zuo",
      "unicode": "e697",
      "unicode_decimal": 59031
    },
    {
      "icon_id": "1032152",
      "name": "you",
      "font_class": "you",
      "unicode": "e698",
      "unicode_decimal": 59032
    },
    {
      "icon_id": "1063557",
      "name": "升序",
      "font_class": "iconasc",
      "unicode": "e646",
      "unicode_decimal": 58950
    },
    {
      "icon_id": "1133804",
      "name": "待评价",
      "font_class": "daipingjia",
      "unicode": "e657",
      "unicode_decimal": 58967
    },
    {
      "icon_id": "1167296",
      "name": "排序（升序）",
      "font_class": "paixushengxu",
      "unicode": "e647",
      "unicode_decimal": 58951
    },
    {
      "icon_id": "1167313",
      "name": "放大",
      "font_class": "fangda1",
      "unicode": "e648",
      "unicode_decimal": 58952
    },
    {
      "icon_id": "1219714",
      "name": "我的",
      "font_class": "wode",
      "unicode": "e658",
      "unicode_decimal": 58968
    },
    {
      "icon_id": "1236853",
      "name": "记录",
      "font_class": "06",
      "unicode": "e64a",
      "unicode_decimal": 58954
    },
    {
      "icon_id": "1298362",
      "name": "支付申请",
      "font_class": "zhifushenqing",
      "unicode": "e699",
      "unicode_decimal": 59033
    },
    {
      "icon_id": "1304884",
      "name": "删除",
      "font_class": "shanchu1",
      "unicode": "e64b",
      "unicode_decimal": 58955
    },
    {
      "icon_id": "1308039",
      "name": "052操作_降序",
      "font_class": "052caozuo_jiangxu",
      "unicode": "e64c",
      "unicode_decimal": 58956
    },
    {
      "icon_id": "1308042",
      "name": "053操作_升序",
      "font_class": "053caozuo_shengxu",
      "unicode": "e64d",
      "unicode_decimal": 58957
    },
    {
      "icon_id": "1505661",
      "name": "排序-升序",
      "font_class": "paixu-shengxu",
      "unicode": "e660",
      "unicode_decimal": 58976
    },
    {
      "icon_id": "1588234",
      "name": "排序 升序／降序",
      "font_class": "paixushengxujiangxu",
      "unicode": "e70c",
      "unicode_decimal": 59148
    },
    {
      "icon_id": "1724892",
      "name": "风",
      "font_class": "feng",
      "unicode": "e64e",
      "unicode_decimal": 58958
    },
    {
      "icon_id": "1901681",
      "name": "搜索",
      "font_class": "sousuo1",
      "unicode": "e600",
      "unicode_decimal": 58880
    },
    {
      "icon_id": "2022996",
      "name": "待接单",
      "font_class": "daijiedan",
      "unicode": "e65d",
      "unicode_decimal": 58973
    },
    {
      "icon_id": "2061301",
      "name": "处理2",
      "font_class": "chuli",
      "unicode": "e659",
      "unicode_decimal": 58969
    },
    {
      "icon_id": "2357487",
      "name": "返回",
      "font_class": "fanhui",
      "unicode": "e64f",
      "unicode_decimal": 58959
    },
    {
      "icon_id": "2380665",
      "name": "天气",
      "font_class": "tianqi",
      "unicode": "e650",
      "unicode_decimal": 58960
    },
    {
      "icon_id": "2408992",
      "name": "监控",
      "font_class": "monitor",
      "unicode": "e790",
      "unicode_decimal": 59280
    },
    {
      "icon_id": "2453927",
      "name": "排序 升序／降序",
      "font_class": "paixushengxujiangxu1",
      "unicode": "e602",
      "unicode_decimal": 58882
    },
    {
      "icon_id": "2480667",
      "name": "首页",
      "font_class": "shouye1",
      "unicode": "e651",
      "unicode_decimal": 58961
    },
    {
      "icon_id": "2882748",
      "name": "返回",
      "font_class": "fanhui1",
      "unicode": "e65f",
      "unicode_decimal": 58975
    },
    {
      "icon_id": "3027006",
      "name": "水11",
      "font_class": "shui",
      "unicode": "e66b",
      "unicode_decimal": 58987
    },
    {
      "icon_id": "3171769",
      "name": "修改密码",
      "font_class": "xiugaimima",
      "unicode": "e704",
      "unicode_decimal": 59140
    },
    {
      "icon_id": "3172484",
      "name": "监控",
      "font_class": "jiankong",
      "unicode": "e69e",
      "unicode_decimal": 59038
    },
    {
      "icon_id": "3275171",
      "name": "系统消息",
      "font_class": "xingzhuangcopy",
      "unicode": "e601",
      "unicode_decimal": 58881
    },
    {
      "icon_id": "3592278",
      "name": "手机号",
      "font_class": "shoujihao",
      "unicode": "e652",
      "unicode_decimal": 58962
    },
    {
      "icon_id": "3614981",
      "name": "任务",
      "font_class": "task",
      "unicode": "e653",
      "unicode_decimal": 58963
    },
    {
      "icon_id": "3636547",
      "name": "太阳能",
      "font_class": "taiyangneng",
      "unicode": "e60a",
      "unicode_decimal": 58890
    },
    {
      "icon_id": "3777778",
      "name": "导航",
      "font_class": "daohang",
      "unicode": "e654",
      "unicode_decimal": 58964
    },
    {
      "icon_id": "3976538",
      "name": "切换账号",
      "font_class": "qiehuanzhanghao",
      "unicode": "e73d",
      "unicode_decimal": 59197
    },
    {
      "icon_id": "4368804",
      "name": "放大",
      "font_class": "fangda2",
      "unicode": "e655",
      "unicode_decimal": 58965
    },
    {
      "icon_id": "4421930",
      "name": "时钟",
      "font_class": "shizhong",
      "unicode": "e66f",
      "unicode_decimal": 58991
    },
    {
      "icon_id": "4850484",
      "name": "装修贷",
      "font_class": "zhuangxiu",
      "unicode": "e656",
      "unicode_decimal": 58966
    },
    {
      "icon_id": "4866684",
      "name": "用户",
      "font_class": "yonghu1",
      "unicode": "e65a",
      "unicode_decimal": 58970
    },
    {
      "icon_id": "4933391",
      "name": "升序",
      "font_class": "shengxu",
      "unicode": "e751",
      "unicode_decimal": 59217
    },
    {
      "icon_id": "5147490",
      "name": "报警",
      "font_class": "app_icons--",
      "unicode": "e65b",
      "unicode_decimal": 58971
    },
    {
      "icon_id": "5203299",
      "name": "太阳",
      "font_class": "taiyang",
      "unicode": "e65c",
      "unicode_decimal": 58972
    },
    {
      "icon_id": "5237987",
      "name": "时间",
      "font_class": "tubiao-",
      "unicode": "e65e",
      "unicode_decimal": 58974
    },
    {
      "icon_id": "5374500",
      "name": "历史统计",
      "font_class": "lishitongji",
      "unicode": "e623",
      "unicode_decimal": 58915
    },
    {
      "icon_id": "5383814",
      "name": "设备",
      "font_class": "huabanfuben",
      "unicode": "e661",
      "unicode_decimal": 58977
    },
    {
      "icon_id": "5385285",
      "name": "添加",
      "font_class": "tianjia1",
      "unicode": "e662",
      "unicode_decimal": 58978
    },
    {
      "icon_id": "5530901",
      "name": "雪花",
      "font_class": "snow",
      "unicode": "e7ce",
      "unicode_decimal": 59342
    },
    {
      "icon_id": "5580764",
      "name": "弱电管线",
      "font_class": "ruodianguanxian-",
      "unicode": "e663",
      "unicode_decimal": 58979
    },
    {
      "icon_id": "6201275",
      "name": "消警",
      "font_class": "xiaojing",
      "unicode": "e7d2",
      "unicode_decimal": 59346
    },
    {
      "icon_id": "6207789",
      "name": "错",
      "font_class": "ziyuanldpi",
      "unicode": "e664",
      "unicode_decimal": 58980
    },
    {
      "icon_id": "6401210",
      "name": "能耗监测",
      "font_class": "nenghaojiance",
      "unicode": "e667",
      "unicode_decimal": 58983
    },
    {
      "icon_id": "6541596",
      "name": "楼",
      "font_class": "lou",
      "unicode": "e665",
      "unicode_decimal": 58981
    },
    {
      "icon_id": "6550547",
      "name": "文件-支出记录",
      "font_class": "wj-zcjl",
      "unicode": "e733",
      "unicode_decimal": 59187
    },
    {
      "icon_id": "6570223",
      "name": "待办",
      "font_class": "daiban",
      "unicode": "e666",
      "unicode_decimal": 58982
    },
    {
      "icon_id": "6651191",
      "name": "ABS系统-资产查询图标",
      "font_class": "ABSxitong-zichanchaxuntubiao",
      "unicode": "e668",
      "unicode_decimal": 58984
    },
    {
      "icon_id": "6888391",
      "name": "消息 ",
      "font_class": "xiaoxi1",
      "unicode": "e669",
      "unicode_decimal": 58985
    },
    {
      "icon_id": "6966911",
      "name": "减",
      "font_class": "jian",
      "unicode": "e66a",
      "unicode_decimal": 58986
    },
    {
      "icon_id": "7040878",
      "name": "定位",
      "font_class": "diliweizhiquanren_icon",
      "unicode": "e66c",
      "unicode_decimal": 58988
    },
    {
      "icon_id": "7501064",
      "name": "完成",
      "font_class": "wancheng1",
      "unicode": "e66d",
      "unicode_decimal": 58989
    },
    {
      "icon_id": "7708014",
      "name": "邮箱",
      "font_class": "youxiang",
      "unicode": "e66e",
      "unicode_decimal": 58990
    },
    {
      "icon_id": "7827034",
      "name": "联动日志",
      "font_class": "liandongrizhi",
      "unicode": "e670",
      "unicode_decimal": 58992
    },
    {
      "icon_id": "8102314",
      "name": "设备管理",
      "font_class": "shebeiguanli",
      "unicode": "e603",
      "unicode_decimal": 58883
    },
    {
      "icon_id": "8102315",
      "name": "能源管理",
      "font_class": "nengyuanguanli1",
      "unicode": "e604",
      "unicode_decimal": 58884
    },
    {
      "icon_id": "8102316",
      "name": "预警报警",
      "font_class": "yujingbaojing1",
      "unicode": "e605",
      "unicode_decimal": 58885
    },
    {
      "icon_id": "8102317",
      "name": "运维管理",
      "font_class": "yunweiguanli",
      "unicode": "e606",
      "unicode_decimal": 58886
    },
    {
      "icon_id": "8102318",
      "name": "数据分析",
      "font_class": "shujufenxi",
      "unicode": "e607",
      "unicode_decimal": 58887
    },
    {
      "icon_id": "8102351",
      "name": "建筑监控",
      "font_class": "jianzhujiankong",
      "unicode": "e609",
      "unicode_decimal": 58889
    },
    {
      "icon_id": "8103276",
      "name": "系统设置",
      "font_class": "xitongshezhi1",
      "unicode": "e608",
      "unicode_decimal": 58888
    },
    {
      "icon_id": "8103716",
      "name": "变配电",
      "font_class": "bianpeidian",
      "unicode": "e60b",
      "unicode_decimal": 58891
    },
    {
      "icon_id": "8103717",
      "name": "操作日志",
      "font_class": "caozuorizhi",
      "unicode": "e60c",
      "unicode_decimal": 58892
    },
    {
      "icon_id": "8103718",
      "name": "给排水",
      "font_class": "geipaishui",
      "unicode": "e60d",
      "unicode_decimal": 58893
    },
    {
      "icon_id": "8103719",
      "name": "监测类型",
      "font_class": "jianceleixing",
      "unicode": "e60f",
      "unicode_decimal": 58895
    },
    {
      "icon_id": "8103720",
      "name": "故障处理",
      "font_class": "guzhangchuli",
      "unicode": "e671",
      "unicode_decimal": 58993
    },
    {
      "icon_id": "8103721",
      "name": "档案管理",
      "font_class": "danganguanli",
      "unicode": "e672",
      "unicode_decimal": 58994
    },
    {
      "icon_id": "8103722",
      "name": "设备信息",
      "font_class": "shebeixinxi",
      "unicode": "e673",
      "unicode_decimal": 58995
    },
    {
      "icon_id": "8103723",
      "name": "数据报表",
      "font_class": "shujubaobiao1",
      "unicode": "e674",
      "unicode_decimal": 58996
    },
    {
      "icon_id": "8103724",
      "name": "空间管理",
      "font_class": "kongjianguanli",
      "unicode": "e676",
      "unicode_decimal": 58998
    },
    {
      "icon_id": "8103725",
      "name": "联动控制台",
      "font_class": "liandongkongzhitai",
      "unicode": "e677",
      "unicode_decimal": 58999
    },
    {
      "icon_id": "8103726",
      "name": "环境",
      "font_class": "huanjing",
      "unicode": "e678",
      "unicode_decimal": 59000
    },
    {
      "icon_id": "8103727",
      "name": "冷热源",
      "font_class": "lengreyuan",
      "unicode": "e679",
      "unicode_decimal": 59001
    },
    {
      "icon_id": "8103728",
      "name": "设备表记",
      "font_class": "shebeibiaoji1",
      "unicode": "e67a",
      "unicode_decimal": 59002
    },
    {
      "icon_id": "8103730",
      "name": "往期统计",
      "font_class": "wangqitongji",
      "unicode": "e67b",
      "unicode_decimal": 59003
    },
    {
      "icon_id": "8103731",
      "name": "综合能耗",
      "font_class": "zonghenenghao",
      "unicode": "e67c",
      "unicode_decimal": 59004
    },
    {
      "icon_id": "8103732",
      "name": "实时监测",
      "font_class": "shishijiance",
      "unicode": "e67d",
      "unicode_decimal": 59005
    },
    {
      "icon_id": "8103733",
      "name": "相关分析",
      "font_class": "xiangguanfenxi",
      "unicode": "e67e",
      "unicode_decimal": 59006
    },
    {
      "icon_id": "8103734",
      "name": "任务工单",
      "font_class": "renwugongdan",
      "unicode": "e67f",
      "unicode_decimal": 59007
    },
    {
      "icon_id": "8103735",
      "name": "节能诊断",
      "font_class": "jienengzhenduan1",
      "unicode": "e680",
      "unicode_decimal": 59008
    },
    {
      "icon_id": "8103736",
      "name": "统计对比",
      "font_class": "tongjiduibi",
      "unicode": "e681",
      "unicode_decimal": 59009
    },
    {
      "icon_id": "8103737",
      "name": "用户管理",
      "font_class": "yonghuguanli",
      "unicode": "e682",
      "unicode_decimal": 59010
    },
    {
      "icon_id": "8103738",
      "name": "暖通空调",
      "font_class": "nuantongkongtiao",
      "unicode": "e683",
      "unicode_decimal": 59011
    },
    {
      "icon_id": "8103739",
      "name": "设备状态",
      "font_class": "shebeizhuangtai",
      "unicode": "e684",
      "unicode_decimal": 59012
    },
    {
      "icon_id": "8103740",
      "name": "智能照明",
      "font_class": "zhinengzhaoming",
      "unicode": "e685",
      "unicode_decimal": 59013
    },
    {
      "icon_id": "8103741",
      "name": "组织机构",
      "font_class": "zuzhijigou",
      "unicode": "e686",
      "unicode_decimal": 59014
    },
    {
      "icon_id": "8116726",
      "name": "联动设置",
      "font_class": "liandongshezhi",
      "unicode": "e687",
      "unicode_decimal": 59015
    },
    {
      "icon_id": "8116727",
      "name": "表记配置",
      "font_class": "biaojipeizhi",
      "unicode": "e688",
      "unicode_decimal": 59016
    },
    {
      "icon_id": "8117102",
      "name": "联动管理",
      "font_class": "liandongguanli",
      "unicode": "e689",
      "unicode_decimal": 59017
    },
    {
      "icon_id": "8117103",
      "name": "门禁管理",
      "font_class": "menjinguanli",
      "unicode": "e68a",
      "unicode_decimal": 59018
    },
    {
      "icon_id": "8117104",
      "name": "停车场管理",
      "font_class": "tingchechangguanli",
      "unicode": "e68b",
      "unicode_decimal": 59019
    },
    {
      "icon_id": "8117105",
      "name": "视频监控",
      "font_class": "shipinjiankong",
      "unicode": "e68c",
      "unicode_decimal": 59020
    },
    {
      "icon_id": "8117106",
      "name": "电子巡更",
      "font_class": "dianzixungeng",
      "unicode": "e68d",
      "unicode_decimal": 59021
    },
    {
      "icon_id": "8117107",
      "name": "非法入侵",
      "font_class": "feifaruqin",
      "unicode": "e68e",
      "unicode_decimal": 59022
    },
    {
      "icon_id": "8117108",
      "name": "响应日志",
      "font_class": "xiangyingrizhi",
      "unicode": "e68f",
      "unicode_decimal": 59023
    },
    {
      "icon_id": "8117507",
      "name": "广播系统",
      "font_class": "guangboxitong",
      "unicode": "e690",
      "unicode_decimal": 59024
    },
    {
      "icon_id": "8117508",
      "name": "消防设施",
      "font_class": "xiaofangsheshi",
      "unicode": "e691",
      "unicode_decimal": 59025
    },
    {
      "icon_id": "8117509",
      "name": "电梯系统",
      "font_class": "diantixitong",
      "unicode": "e692",
      "unicode_decimal": 59026
    },
    {
      "icon_id": "8154009",
      "name": "修改",
      "font_class": "xiugai",
      "unicode": "e693",
      "unicode_decimal": 59027
    },
    {
      "icon_id": "9056069",
      "name": "成功",
      "font_class": "chenggong1",
      "unicode": "e694",
      "unicode_decimal": 59028
    },
    {
      "icon_id": "10260224",
      "name": "机构管理",
      "font_class": "jigouguanli",
      "unicode": "e6b6",
      "unicode_decimal": 59062
    },
    {
      "icon_id": "10293100",
      "name": "关 闭",
      "font_class": "guanbi1",
      "unicode": "e695",
      "unicode_decimal": 59029
    },
    {
      "icon_id": "10437674",
      "name": "入侵报警",
      "font_class": "ruqinbaojing",
      "unicode": "e6b7",
      "unicode_decimal": 59063
    },
    {
      "icon_id": "10814202",
      "name": "个人中心 - 中",
      "font_class": "gerenzhongxin-zhong",
      "unicode": "e6b8",
      "unicode_decimal": 59064
    },
    {
      "icon_id": "11664319",
      "name": "我的资产",
      "font_class": "wodezichan",
      "unicode": "e610",
      "unicode_decimal": 58896
    },
    {
      "icon_id": "11664629",
      "name": "管理资产",
      "font_class": "guanlizichan",
      "unicode": "e60e",
      "unicode_decimal": 58894
    },
    {
      "icon_id": "11664631",
      "name": "重点",
      "font_class": "zhongdian",
      "unicode": "e611",
      "unicode_decimal": 58897
    },
    {
      "icon_id": "11664632",
      "name": "入库管理",
      "font_class": "rukuguanli",
      "unicode": "e612",
      "unicode_decimal": 58898
    },
    {
      "icon_id": "11664633",
      "name": "资产盘库",
      "font_class": "zichanpanku",
      "unicode": "e613",
      "unicode_decimal": 58899
    },
    {
      "icon_id": "11664634",
      "name": "资产台账",
      "font_class": "zichantaizhang",
      "unicode": "e614",
      "unicode_decimal": 58900
    },
    {
      "icon_id": "11664636",
      "name": "日历",
      "font_class": "rili",
      "unicode": "e616",
      "unicode_decimal": 58902
    },
    {
      "icon_id": "11664637",
      "name": "下拉",
      "font_class": "xiala",
      "unicode": "e617",
      "unicode_decimal": 58903
    },
    {
      "icon_id": "11664638",
      "name": "统计分析",
      "font_class": "tongjifenxi",
      "unicode": "e618",
      "unicode_decimal": 58904
    },
    {
      "icon_id": "11664697",
      "name": "搜索",
      "font_class": "sousuo",
      "unicode": "e619",
      "unicode_decimal": 58905
    },
    {
      "icon_id": "11672619",
      "name": "资产信息",
      "font_class": "zichanxinxi",
      "unicode": "e615",
      "unicode_decimal": 58901
    },
    {
      "icon_id": "11672620",
      "name": "展开",
      "font_class": "zhankai",
      "unicode": "e61a",
      "unicode_decimal": 58906
    },
    {
      "icon_id": "11672621",
      "name": "收起",
      "font_class": "shouqi",
      "unicode": "e61b",
      "unicode_decimal": 58907
    },
    {
      "icon_id": "11675748",
      "name": "首页",
      "font_class": "shouye",
      "unicode": "e61c",
      "unicode_decimal": 58908
    },
    {
      "icon_id": "11778237",
      "name": "资产管理",
      "font_class": "zichanguanli",
      "unicode": "e61e",
      "unicode_decimal": 58910
    },
    {
      "icon_id": "11780148",
      "name": "概览",
      "font_class": "gailan",
      "unicode": "e61d",
      "unicode_decimal": 58909
    },
    {
      "icon_id": "11780198",
      "name": "快捷入口",
      "font_class": "kuaijierukou",
      "unicode": "e61f",
      "unicode_decimal": 58911
    },
    {
      "icon_id": "11781995",
      "name": "能源管理",
      "font_class": "nengyuanguanli",
      "unicode": "e620",
      "unicode_decimal": 58912
    },
    {
      "icon_id": "11784269",
      "name": "能耗展示",
      "font_class": "nenghaozhanshi",
      "unicode": "e621",
      "unicode_decimal": 58913
    },
    {
      "icon_id": "11784410",
      "name": "节能诊断",
      "font_class": "jienengzhenduan",
      "unicode": "e622",
      "unicode_decimal": 58914
    },
    {
      "icon_id": "11785271",
      "name": "设备表计",
      "font_class": "shebeibiaoji",
      "unicode": "e624",
      "unicode_decimal": 58916
    },
    {
      "icon_id": "11785746",
      "name": "数据报表",
      "font_class": "shujubaobiao",
      "unicode": "e625",
      "unicode_decimal": 58917
    },
    {
      "icon_id": "11786010",
      "name": "预警报警",
      "font_class": "yujingbaojing",
      "unicode": "e626",
      "unicode_decimal": 58918
    },
    {
      "icon_id": "11786769",
      "name": "系统设置",
      "font_class": "xitongshezhi",
      "unicode": "e627",
      "unicode_decimal": 58919
    },
    {
      "icon_id": "11802247",
      "name": "数据面板",
      "font_class": "shujumianban",
      "unicode": "e628",
      "unicode_decimal": 58920
    },
    {
      "icon_id": "11802541",
      "name": "空间导航",
      "font_class": "kongjiandaohang",
      "unicode": "e629",
      "unicode_decimal": 58921
    },
    {
      "icon_id": "11802619",
      "name": "工具箱",
      "font_class": "gongjuxiang",
      "unicode": "e62a",
      "unicode_decimal": 58922
    },
    {
      "icon_id": "11802776",
      "name": "全屏",
      "font_class": "quanping",
      "unicode": "e62b",
      "unicode_decimal": 58923
    },
    {
      "icon_id": "11804277",
      "name": "消息",
      "font_class": "xiaoxi",
      "unicode": "e62c",
      "unicode_decimal": 58924
    },
    {
      "icon_id": "11804526",
      "name": "三维操作",
      "font_class": "sanweicaozuo",
      "unicode": "e62d",
      "unicode_decimal": 58925
    },
    {
      "icon_id": "11804693",
      "name": "小地图",
      "font_class": "xiaoditu",
      "unicode": "e62e",
      "unicode_decimal": 58926
    },
    {
      "icon_id": "11804860",
      "name": "2D",
      "font_class": "D",
      "unicode": "e62f",
      "unicode_decimal": 58927
    },
    {
      "icon_id": "11805011",
      "name": "放大",
      "font_class": "fangda",
      "unicode": "e630",
      "unicode_decimal": 58928
    },
    {
      "icon_id": "11835692",
      "name": "标尺",
      "font_class": "biaochi",
      "unicode": "e631",
      "unicode_decimal": 58929
    },
    {
      "icon_id": "11835842",
      "name": "标记",
      "font_class": "biaoji",
      "unicode": "e632",
      "unicode_decimal": 58930
    },
    {
      "icon_id": "11836639",
      "name": "编辑",
      "font_class": "bianji",
      "unicode": "e633",
      "unicode_decimal": 58931
    },
    {
      "icon_id": "11836803",
      "name": "旋转",
      "font_class": "xuanzhuan",
      "unicode": "e634",
      "unicode_decimal": 58932
    },
    {
      "icon_id": "11836881",
      "name": "显示",
      "font_class": "xianshi",
      "unicode": "e635",
      "unicode_decimal": 58933
    },
    {
      "icon_id": "11837021",
      "name": "切换",
      "font_class": "qiehuan",
      "unicode": "e636",
      "unicode_decimal": 58934
    },
    {
      "icon_id": "11837928",
      "name": "用户",
      "font_class": "yonghu",
      "unicode": "e637",
      "unicode_decimal": 58935
    },
    {
      "icon_id": "11859652",
      "name": "编辑-线样式",
      "font_class": "bianji-xianyangshi",
      "unicode": "e638",
      "unicode_decimal": 58936
    },
    {
      "icon_id": "11859672",
      "name": "删除",
      "font_class": "shanchu",
      "unicode": "e639",
      "unicode_decimal": 58937
    },
    {
      "icon_id": "11859676",
      "name": "取消",
      "font_class": "quxiao",
      "unicode": "e63a",
      "unicode_decimal": 58938
    },
    {
      "icon_id": "11859682",
      "name": "添加",
      "font_class": "tianjia",
      "unicode": "e63b",
      "unicode_decimal": 58939
    },
    {
      "icon_id": "11881326",
      "name": "任务工单",
      "font_class": "renwugongdan1",
      "unicode": "e6c0",
      "unicode_decimal": 59072
    },
    {
      "icon_id": "11893126",
      "name": "IP",
      "font_class": "IP",
      "unicode": "e63c",
      "unicode_decimal": 58940
    },
    {
      "icon_id": "11893183",
      "name": "账号",
      "font_class": "zhanghao",
      "unicode": "e63d",
      "unicode_decimal": 58941
    },
    {
      "icon_id": "11893429",
      "name": "密码",
      "font_class": "mima",
      "unicode": "e63e",
      "unicode_decimal": 58942
    },
    {
      "icon_id": "12041431",
      "name": "退出",
      "font_class": "tuichu",
      "unicode": "e63f",
      "unicode_decimal": 58943
    },
    {
      "icon_id": "12098944",
      "name": "关闭",
      "font_class": "guanbi",
      "unicode": "e640",
      "unicode_decimal": 58944
    },
    {
      "icon_id": "12111005",
      "name": "属性面板",
      "font_class": "shuxingmianban",
      "unicode": "e641",
      "unicode_decimal": 58945
    },
    {
      "icon_id": "12134504",
      "name": "楼宇",
      "font_class": "louyu",
      "unicode": "e642",
      "unicode_decimal": 58946
    },
    {
      "icon_id": "12305045",
      "name": "表计采集",
      "font_class": "biaojicaiji",
      "unicode": "e643",
      "unicode_decimal": 58947
    },
    {
      "icon_id": "12315634",
      "name": "数字园区",
      "font_class": "shuziyuanqu",
      "unicode": "e696",
      "unicode_decimal": 59030
    },
    {
      "icon_id": "12343615",
      "name": "巡检管理",
      "font_class": "xunjianguanli",
      "unicode": "e6c3",
      "unicode_decimal": 59075
    },
    {
      "icon_id": "12363017",
      "name": "系统监控",
      "font_class": "xitongjiankong",
      "unicode": "e6c4",
      "unicode_decimal": 59076
    },
    {
      "icon_id": "12363790",
      "name": "突发事件",
      "font_class": "tufashijian",
      "unicode": "e6c5",
      "unicode_decimal": 59077
    },
    {
      "icon_id": "12363911",
      "name": "应急预案",
      "font_class": "yingjiyuan",
      "unicode": "e6c6",
      "unicode_decimal": 59078
    },
    {
      "icon_id": "12364188",
      "name": "应急演练",
      "font_class": "yingjiyanlian",
      "unicode": "e6c7",
      "unicode_decimal": 59079
    },
    {
      "icon_id": "12364457",
      "name": "总结评估",
      "font_class": "zongjiepinggu",
      "unicode": "e6c8",
      "unicode_decimal": 59080
    },
    {
      "icon_id": "12364496",
      "name": "逃生路线",
      "font_class": "taoshengluxian",
      "unicode": "e6c9",
      "unicode_decimal": 59081
    },
    {
      "icon_id": "12364705",
      "name": "维修管理",
      "font_class": "weixiuguanli",
      "unicode": "e6ca",
      "unicode_decimal": 59082
    },
    {
      "icon_id": "12364809",
      "name": "保养管理",
      "font_class": "baoyangguanli",
      "unicode": "e6cb",
      "unicode_decimal": 59083
    },
    {
      "icon_id": "12364890",
      "name": "保洁记录",
      "font_class": "baojiejilu",
      "unicode": "e6cc",
      "unicode_decimal": 59084
    },
    {
      "icon_id": "12365407",
      "name": "任务设定",
      "font_class": "renwusheding",
      "unicode": "e6cd",
      "unicode_decimal": 59085
    },
    {
      "icon_id": "12365511",
      "name": "区域设定",
      "font_class": "quyusheding",
      "unicode": "e6ce",
      "unicode_decimal": 59086
    },
    {
      "icon_id": "12365647",
      "name": "考核管理",
      "font_class": "kaoheguanli",
      "unicode": "e6cf",
      "unicode_decimal": 59087
    },
    {
      "icon_id": "12365721",
      "name": "报表管理",
      "font_class": "baobiaoguanli",
      "unicode": "e6d0",
      "unicode_decimal": 59088
    },
    {
      "icon_id": "12365777",
      "name": "值班日历",
      "font_class": "zhibanrili",
      "unicode": "e6d1",
      "unicode_decimal": 59089
    },
    {
      "icon_id": "12365832",
      "name": "值班信息",
      "font_class": "zhibanxinxi",
      "unicode": "e6d2",
      "unicode_decimal": 59090
    },
    {
      "icon_id": "12365969",
      "name": "异常事件",
      "font_class": "yichangshijian",
      "unicode": "e6d3",
      "unicode_decimal": 59091
    },
    {
      "icon_id": "12366045",
      "name": "交接班记录",
      "font_class": "jiaojiebanjilu",
      "unicode": "e6d4",
      "unicode_decimal": 59092
    },
    {
      "icon_id": "12366162",
      "name": "人脸识别",
      "font_class": "renlianshibie",
      "unicode": "e6d5",
      "unicode_decimal": 59093
    },
    {
      "icon_id": "12366333",
      "name": "库存管理",
      "font_class": "kucunguanli",
      "unicode": "e6d6",
      "unicode_decimal": 59094
    },
    {
      "icon_id": "12366470",
      "name": "出库管理",
      "font_class": "chukuguanli",
      "unicode": "e6d7",
      "unicode_decimal": 59095
    },
    {
      "icon_id": "12366487",
      "name": "库存盘点",
      "font_class": "kucunpandian",
      "unicode": "e6d8",
      "unicode_decimal": 59096
    },
    {
      "icon_id": "12366494",
      "name": "批量入库",
      "font_class": "piliangruku",
      "unicode": "e6d9",
      "unicode_decimal": 59097
    },
    {
      "icon_id": "12366510",
      "name": "采购申请",
      "font_class": "caigoushenqing",
      "unicode": "e6da",
      "unicode_decimal": 59098
    },
    {
      "icon_id": "12366535",
      "name": "采购订货",
      "font_class": "caigoudinghuo",
      "unicode": "e6db",
      "unicode_decimal": 59099
    },
    {
      "icon_id": "12366544",
      "name": "采购退货",
      "font_class": "caigoutuihuo",
      "unicode": "e6dc",
      "unicode_decimal": 59100
    },
    {
      "icon_id": "12369021",
      "name": "房产管理",
      "font_class": "fangchanguanli",
      "unicode": "e6dd",
      "unicode_decimal": 59101
    },
    {
      "icon_id": "12369800",
      "name": "租户管理",
      "font_class": "zuhuguanli",
      "unicode": "e6de",
      "unicode_decimal": 59102
    },
    {
      "icon_id": "12369844",
      "name": "租赁合同",
      "font_class": "zulinhetong",
      "unicode": "e6df",
      "unicode_decimal": 59103
    },
    {
      "icon_id": "12370209",
      "name": "账单管理",
      "font_class": "zhangdanguanli",
      "unicode": "e6e0",
      "unicode_decimal": 59104
    },
    {
      "icon_id": "12370345",
      "name": "费用申报",
      "font_class": "feiyongshenbao",
      "unicode": "e6e1",
      "unicode_decimal": 59105
    },
    {
      "icon_id": "12370565",
      "name": "预算管理",
      "font_class": "yusuanguanli",
      "unicode": "e6e2",
      "unicode_decimal": 59106
    },
    {
      "icon_id": "12371109",
      "name": "收入记录",
      "font_class": "shourujilu",
      "unicode": "e6e4",
      "unicode_decimal": 59108
    },
    {
      "icon_id": "12371184",
      "name": "收费管理",
      "font_class": "shoufeiguanli",
      "unicode": "e6e5",
      "unicode_decimal": 59109
    },
    {
      "icon_id": "12371373",
      "name": "支出预算",
      "font_class": "zhichuyusuan",
      "unicode": "e6e6",
      "unicode_decimal": 59110
    },
    {
      "icon_id": "12372177",
      "name": "周界防范",
      "font_class": "zhoujiefangfan",
      "unicode": "e6e7",
      "unicode_decimal": 59111
    },
    {
      "icon_id": "12373011",
      "name": "建筑监控",
      "font_class": "jianzhujiankong1",
      "unicode": "e6e8",
      "unicode_decimal": 59112
    },
    {
      "icon_id": "12373058",
      "name": "安防管理",
      "font_class": "anfangguanli",
      "unicode": "e6e9",
      "unicode_decimal": 59113
    },
    {
      "icon_id": "12373214",
      "name": "消防管理",
      "font_class": "xiaofangguanli",
      "unicode": "e6ea",
      "unicode_decimal": 59114
    },
    {
      "icon_id": "12373266",
      "name": "机房动环",
      "font_class": "jifangdonghuan",
      "unicode": "e6eb",
      "unicode_decimal": 59115
    },
    {
      "icon_id": "12373396",
      "name": "能源管理",
      "font_class": "nengyuanguanli2",
      "unicode": "e6ec",
      "unicode_decimal": 59116
    },
    {
      "icon_id": "12373427",
      "name": "应急管理",
      "font_class": "yingjiguanli",
      "unicode": "e6ed",
      "unicode_decimal": 59117
    },
    {
      "icon_id": "12373467",
      "name": "维保管理",
      "font_class": "weibaoguanli",
      "unicode": "e6ee",
      "unicode_decimal": 59118
    },
    {
      "icon_id": "12373491",
      "name": "保洁管理",
      "font_class": "baojieguanli",
      "unicode": "e6ef",
      "unicode_decimal": 59119
    },
    {
      "icon_id": "12373587",
      "name": "值班管理",
      "font_class": "zhibanguanli",
      "unicode": "e6f0",
      "unicode_decimal": 59120
    },
    {
      "icon_id": "12373663",
      "name": "停车管理",
      "font_class": "tingcheguanli",
      "unicode": "e6f1",
      "unicode_decimal": 59121
    },
    {
      "icon_id": "12373731",
      "name": "访客管理",
      "font_class": "fangkeguanli",
      "unicode": "e6f2",
      "unicode_decimal": 59122
    },
    {
      "icon_id": "12373775",
      "name": "资产管理模块",
      "font_class": "zichanguanlimokuai",
      "unicode": "e6f3",
      "unicode_decimal": 59123
    },
    {
      "icon_id": "12373977",
      "name": "库存管理模块",
      "font_class": "kucunguanlimokuai",
      "unicode": "e6f4",
      "unicode_decimal": 59124
    },
    {
      "icon_id": "12374057",
      "name": "采购管理",
      "font_class": "caigouguanli",
      "unicode": "e6f5",
      "unicode_decimal": 59125
    },
    {
      "icon_id": "12374129",
      "name": "租赁管理",
      "font_class": "zulinguanli",
      "unicode": "e6f6",
      "unicode_decimal": 59126
    },
    {
      "icon_id": "12374210",
      "name": "合同管理",
      "font_class": "hetongguanli",
      "unicode": "e6f7",
      "unicode_decimal": 59127
    },
    {
      "icon_id": "12374247",
      "name": "费用管理",
      "font_class": "feiyongguanli",
      "unicode": "e6f8",
      "unicode_decimal": 59128
    },
    {
      "icon_id": "12374306",
      "name": "收支管理",
      "font_class": "shouzhiguanli",
      "unicode": "e6f9",
      "unicode_decimal": 59129
    },
    {
      "icon_id": "12374330",
      "name": "任务管理",
      "font_class": "renwuguanli",
      "unicode": "e6fa",
      "unicode_decimal": 59130
    },
    {
      "icon_id": "12374378",
      "name": "档案管理",
      "font_class": "danganguanli1",
      "unicode": "e6fb",
      "unicode_decimal": 59131
    },
    {
      "icon_id": "12374448",
      "name": "信息发布",
      "font_class": "xinxifabu",
      "unicode": "e6fc",
      "unicode_decimal": 59132
    },
    {
      "icon_id": "12374541",
      "name": "预警报警模块",
      "font_class": "yujingbaojingmokuai",
      "unicode": "e6fd",
      "unicode_decimal": 59133
    },
    {
      "icon_id": "12374615",
      "name": "统计分析模块",
      "font_class": "tongjifenximokuai",
      "unicode": "e6fe",
      "unicode_decimal": 59134
    },
    {
      "icon_id": "12374650",
      "name": "系统管理",
      "font_class": "xitongguanli",
      "unicode": "e6ff",
      "unicode_decimal": 59135
    },
    {
      "icon_id": "12567083",
      "name": "发票管理",
      "font_class": "fapiaoguanli",
      "unicode": "e69a",
      "unicode_decimal": 59034
    }
  ]
}
